-7.953719798388178219e+00,-4.137094318983110419e+00,-3.797269222810617517e+00
4.104730718828075275e+00,-7.967039536400221778e+00,8.800740166629651640e+00
6.772155823901058191e-01,6.546486241073868229e+00,-8.734032240487955789e+00
-8.435073641061389793e+00,-3.385477980036426082e+00,-3.401381246956865390e+00
2.920473855407883068e+00,-6.358873878132461854e+00,8.137050158508325026e+00
-1.121885687843315438e+01,-2.203042464602038120e+00,-6.168696511377460112e+00
-8.485223375725080786e+00,-3.225477823156720270e+00,-4.759438971052611933e+00
1.220974792504135653e+00,6.174143038181021836e+00,-4.665456977602596034e+00
3.013351653642436734e+00,-7.023231767848813867e+00,6.139217739574879928e+00
-9.683639435000960916e+00,7.256391514654172425e-01,-4.591554600325296498e+00
-1.113977442506027238e+01,-5.789422464446993821e-01,-5.065382240392241719e+00
3.735328527009849076e+00,-1.042583148422619388e+01,9.189170889178324586e+00
2.274184717964890190e+00,-7.198255766883818296e+00,1.077718846461998048e+01
-1.204949298553441039e+01,-6.573415105666604585e-01,-6.259310120173624092e+00
-1.028550126608189608e+01,-5.590127906940987934e+00,-7.407243295161872965e+00
-2.745457395811882861e+00,7.467605497787070057e+00,-5.497817115004574262e+00
1.871472153390797644e+00,8.364389022978901522e+00,-6.707192372536868064e+00
-1.114619450163859860e+01,-6.665097888588393804e-01,-7.329166563908231069e+00
-7.673292797606701576e+00,-2.614617059448891112e+00,-7.743214422138963826e+00
-9.917904227719237298e+00,3.144136064533098462e-02,-4.407978769507296946e+00
3.964181206184014261e-01,6.550115935623099794e+00,-4.410859630970981549e+00
-2.207461828101525136e-01,8.033646463216179257e+00,-5.142130433032646941e+00
-8.777341919703232520e+00,-1.213373365362125922e+00,-7.647329448751180259e+00
2.695862552510538634e+00,-6.193177391567019185e+00,8.417295131389035845e+00
6.420299021396935757e-02,-6.084146982071639620e+00,9.103713028156681375e+00
2.740269608569178006e-01,8.694754243053949949e+00,-5.376892693636815324e+00
1.152693869367180657e+00,-9.318374260690625022e+00,8.873707299461633724e+00
-7.148739625226269823e+00,-3.143196760817284385e+00,-3.394455657527959858e+00
-1.005514646895462505e+01,-2.270924574860709200e+00,-3.357791209884985140e+00
-8.860970309340000739e+00,-3.722409076832893682e+00,-5.403321305194486612e+00
-9.669855260186372092e+00,-2.445768445800393209e+00,-5.238982799503074439e+00
-9.717528197039570159e+00,-3.973238678197483331e+00,-5.203443072440818717e+00
-1.072909182671889283e+01,-2.191784414257082592e+00,-5.346567616134946910e+00
-1.336324791892976371e+00,9.108644282974754702e+00,-8.780716754544013014e+00
-3.041645915417774404e-01,5.515312588489994283e+00,-2.138495722679798483e+00
-8.253237287976123326e+00,-3.250981558930563509e-01,-7.447667286671105558e+00
1.127560519203456790e+00,7.823043316981631357e+00,-8.234150874262716968e+00
-9.556615276400567183e+00,-5.130179192669923616e+00,-4.004364782220124930e+00
-8.855069144385718793e-03,1.009415291138240889e+01,-6.744533335386119433e+00
2.895911570923080935e-01,6.429862255913519675e+00,-6.755371347237492330e+00
-6.715407233576992319e+00,-1.978159662907322147e+00,-5.163185171810801499e+00
4.036813067592271986e-01,8.441194942559160808e+00,-3.766516287722386558e+00
-2.768876757852632764e+00,6.726584715996523300e+00,-5.625877005186515234e+00
1.585868850665295815e+00,-7.864130693498581515e+00,9.360220472044057161e+00
8.172786978775548050e-02,8.188616324566956095e+00,-7.534074547007964640e+00
-1.453087209949237346e+00,7.522966656776368666e+00,-9.573824432534689066e+00
-4.900270375490983099e+00,-1.044570600134052230e+00,-5.929878332729700219e+00
4.579203735007122411e+00,-7.122220164406977361e+00,8.044875577058313354e+00
1.512319229280931321e+00,-7.225477875269651129e+00,7.297034453071399085e+00
2.112716086155926654e+00,-5.925359776916065968e+00,8.432585170853052148e+00
1.535808980553565295e+00,-7.501002823534395070e+00,9.581063697425136638e+00
3.315977113991528391e+00,-9.602786684768854997e+00,9.535011794007067110e+00
8.469792881018349817e-01,-9.231403865278092979e+00,9.683277113241025802e+00
-2.148412188954913926e+00,1.003818487658048930e+01,-7.509259927349859254e+00
-1.502066102681519855e+00,5.284230465984827596e+00,-7.380288013554551441e+00
-1.451448186760869952e+00,8.728495339185098345e+00,-4.643655907818276418e+00
1.392660725511881026e+00,5.630021131402314083e+00,-9.118607206944735921e+00
2.546985653785641013e+00,-7.677048048339702113e+00,7.456273130638638058e+00
-1.279705501367021325e+00,6.725338274125808979e+00,-5.527164297111121449e+00
-1.152508703107076471e+01,-3.263136792825613419e+00,-3.793283451719950961e+00
-8.529568982780265429e+00,-1.416119787136935093e+00,-2.115893023104033155e+00
-7.079082041224653565e-01,7.648716591403157850e+00,-4.751571710937131598e+00
-1.012727634361878515e+01,-1.027126325614568181e+00,-6.325268657870645406e+00
-6.825203210224932704e+00,-3.422839653148854300e+00,-4.207425786591161732e+00
2.482033211267788086e+00,-1.028655410690749505e+01,8.509113417667515833e+00
1.120905641221794813e+00,7.479301137325967908e+00,-7.723423835757491140e+00
2.839807572876745567e+00,-8.728675911657157727e+00,8.138400812149678032e+00
-8.165880594307818541e+00,-5.074508282372729440e-01,-9.548917415110533824e+00
-8.077800829101139612e+00,-3.881172270557057491e+00,-4.518236120001007272e+00
-1.242537416382937465e+01,-3.189402577919502768e+00,-3.435077405375878801e+00
1.825629861248124541e+00,5.391867596345582214e+00,-6.659923641934136995e+00
3.989300444406040036e+00,-6.749747305694950406e+00,8.646185281713563597e+00
-1.271571340104099779e+00,7.599303281762885831e+00,-1.298887857834581716e+00
3.202682295662697687e+00,-7.888443605792602398e+00,8.686094642035458335e+00
-8.976857458202212925e+00,-1.266746131976517864e+00,-4.550135035509478065e+00
-1.121974520256353003e+01,-1.117111437294999954e+00,-4.946950319854117595e+00
3.081208825892036707e+00,-9.211855173392882179e+00,7.504743605489815117e+00
-9.886491289797518789e+00,-3.535774611598197392e+00,-4.644406452409705288e+00
4.171417688357850651e+00,-6.986330551377388787e+00,8.626173022737066987e+00
-9.516901303851621474e-01,9.020683711721922293e+00,-4.300082583590066676e+00
-1.145969955297716680e+01,-1.763009903106174781e+00,-6.934403208861334988e+00
6.549914487379144834e-01,6.288109431434246943e+00,-5.885070431029945759e+00
-9.434748737179040390e+00,-9.059987595591907361e-01,-6.793022274409073802e+00
-9.967452861156290922e+00,-1.731994213666881555e+00,-5.160334288081521947e+00
-1.053089732393862477e+01,-2.567904113289830814e+00,-4.182249910973538931e+00
-1.282335084405241910e+00,8.222007067634427457e+00,-6.932060155173644489e+00
1.235082471656854697e+00,7.208951070563532681e+00,-5.404587614645857130e+00
1.327200779976116074e+00,-4.756398106426228622e+00,1.079855077039963263e+01
3.441411345313577730e+00,-9.077471063967600173e+00,6.568070774425255109e+00
-7.932745018591919717e+00,-1.701281505724792975e+00,-6.056814389272594745e+00
-8.456928902689943683e+00,-4.539688313055456170e+00,-7.632087566827745029e+00
5.945527762840132624e-01,-7.615698814231580016e+00,8.956440053057351136e+00
-9.590613490759738013e+00,-3.072211559216460053e-01,-3.768749171953570176e+00
-2.867750445833060269e+00,7.475403143266054151e+00,-6.083333918383520000e+00
2.991721949270462755e+00,-6.990979833112677788e+00,7.281310236888736576e+00
4.087030198845235773e+00,-4.267613991252365402e+00,9.499316189369089614e+00
-1.119496087627221215e+01,-1.959569490275294257e+00,-4.342352500119466718e+00
-9.140740542992270790e+00,-4.805378800867347699e+00,-7.032452767374441471e+00
-8.483709769943377665e+00,-1.112329345910689771e+00,-3.792565274778139539e+00
3.081002089523537713e+00,7.210401395643346589e+00,-4.368990261041560075e+00
2.679622961842229145e+00,8.957646756368916385e+00,-3.613012678698799274e+00
-4.160062910797599489e-01,8.255916059146239050e+00,-6.314510627076558080e+00
-8.093345585249603902e-01,6.622304402660123657e+00,-5.452036905262537481e+00
3.966389476592437013e+00,-9.110826738723442730e+00,9.563323643988130840e+00
-2.222225021078583218e-02,1.103604659360333073e+01,-4.760173571976066498e+00
1.472757081275752444e+00,-6.058340411380211066e+00,1.073798435705435494e+01
-9.390334333476181072e+00,-3.364475739444400038e+00,-4.733029209586547381e+00
1.199084093553209218e+00,-5.195110021256709842e+00,9.335610038938561672e+00
1.862297738897124688e+00,-9.481566893741865343e+00,9.124329393086593853e+00
-1.009010593222637020e+01,7.631252769560967764e-01,-5.794830465387383889e+00
-1.610144061920195102e-01,8.922191012469262716e+00,-5.871144925466550646e+00
-8.930567782960064704e+00,-4.447230556241075661e+00,-6.563096550568516818e+00
5.534919977698038451e-02,-8.987472013044406793e+00,6.579902264475371965e+00
9.101029823450961231e-01,3.912858479465546324e+00,-4.706931334256599264e+00
2.777340287828637511e+00,-6.863739195747760036e+00,1.033206334572410157e+01
-1.001952362247038764e+01,-1.133149042686243613e+00,-3.548661214219015481e+00
2.559657997157026799e+00,7.632748875778339048e+00,-5.479463289438847085e+00
-1.510965930252255784e+00,8.099561633325059518e+00,-3.776991193969192029e+00
-1.650415688558460880e+00,5.497592333195089331e+00,-6.717136129048283166e+00
-5.473160087594965972e-01,7.359505501104568914e+00,-8.408800568666100261e+00
2.062688517094569463e+00,6.927500697071927505e+00,-1.778390976239763610e+00
4.966343841413616289e-01,8.650911949665669454e+00,-6.508979299849714906e+00
2.045477636159722223e+00,-6.958847207050347095e+00,8.588565801907423136e+00
6.816384771713048796e-01,8.328985029000435247e+00,-6.686242427643694697e+00
2.341209270365355088e+00,-6.507539775010622307e+00,7.108109936784556382e+00
5.486645304573720239e+00,-7.669499298392167042e+00,9.710026523198488135e+00
3.719560931546620708e+00,-7.271241290564609550e+00,8.218501554360424066e+00
-1.163763939174480910e+01,-1.813323234138249695e+00,-6.803706113778089204e+00
3.152112701379324200e+00,-8.778104496284329983e+00,8.424796897350395497e+00
-1.338959668644092105e+00,8.773231642972657340e+00,-5.169412756677443710e+00
-1.143436280962897067e+00,5.815257628029954162e+00,-7.230579468397176690e+00
-7.335064351490117041e-02,8.654417959572541008e+00,-8.074870281757350554e+00
-1.025481734382072041e+01,-2.050953676187197594e+00,-6.111988168028246626e+00
-2.569847358382321367e+00,5.511456746415364094e+00,-7.709699395430217983e+00
5.003200807670791228e-01,8.413963234249552059e+00,-5.913603475920454322e+00
-1.010800868873955816e+00,7.583692414225576606e+00,-4.937779547764100663e+00
-1.115338020602725422e+01,-3.293596634096559672e+00,-6.418985304126824332e+00
2.711438730884731196e+00,-8.599804909218022431e+00,8.995862202352521209e+00
-3.347812142550100845e+00,7.303850076414857284e+00,-2.926204940491250905e+00
-8.943081688321232736e-01,5.799270615417597696e+00,-5.821785265544078491e+00
-8.844121816441953277e-01,7.327994307301278987e+00,-4.463753515390916249e+00
-8.893038289272494623e+00,-3.749958178988174406e+00,-6.217728593450382313e+00
-8.572563101170548094e+00,-1.628159217744976628e+00,-4.900683572155895007e+00
-8.083130833553292760e+00,-8.727375520364515360e-01,-4.893952006648012443e+00
-9.582087503548056162e+00,-2.132611319279648310e+00,-6.922652962026249135e+00
-9.090938971997452711e+00,-3.274406126709268783e+00,-4.814531075295926499e+00
5.136603459130784088e+00,-8.139864321026664129e+00,1.043400481032140448e+01
3.181413057138844369e+00,-7.958029061546525895e+00,8.151523687353316561e+00
2.985242438051493252e+00,7.728985313559711301e+00,-5.950037357532567128e+00
-1.131530072576939538e+01,-3.883852122418872455e+00,-5.983277845265826400e+00
-1.025343325309557052e+01,-5.915880073323984689e-01,-7.392831552909886028e+00
-9.793752530771714149e+00,-1.270842655510038055e+00,-6.165966808697501911e+00
-1.283820593984402514e+00,7.572298393072636635e+00,-7.786040941885207012e+00
-1.112452567650577429e+01,-6.787201318784267912e+00,-5.995313776661754801e+00
4.961971462059453497e-01,6.389066822415777835e+00,-6.233688120051143144e+00
-5.863009995552761922e+00,-3.900060599694572971e+00,-3.846682400504993993e+00
-3.169776155292016284e+00,9.119408354529330296e+00,-6.128084713879149881e+00
3.735822357525928616e+00,-7.375720548299995905e+00,8.110787506800296143e+00
2.601449846780932607e+00,-6.736948979946880911e+00,8.520111947944977615e+00
-9.331139967639388022e-01,7.183260005631423084e+00,-5.696854127181517846e+00
5.113682082671838103e+00,-6.720430548422865691e+00,9.530180820914495143e+00
-8.782026182848094109e+00,-2.593041424592655630e+00,-4.396984026802587486e+00
-8.345114058674218960e-01,-8.108815886797106742e+00,1.066401986780830846e+01
1.656250912010243326e+00,-6.545909246912091639e+00,9.012843367259156580e+00
-1.184371671147854599e+01,-1.976365285086913559e+00,-3.738958352193707313e+00
1.651500385345483934e+00,6.195753615130078273e+00,-7.228817005926217121e+00
-8.319806650889794986e-01,8.748061883176578846e+00,-6.728471737989150547e+00
-9.840450254665411123e+00,-2.743840867010788998e+00,-4.243847137268070391e+00
3.076844250384538348e+00,-7.890195872250820308e+00,5.962787549043816249e+00
4.479069295942696982e+00,-1.088615872185653188e+01,7.808133651946380205e+00
1.893930937442202422e+00,-7.432776733235864519e+00,1.027529466935695623e+01
3.758876152936188042e+00,-5.300669822880317739e+00,6.753397466919825121e+00
1.458065329062155913e+00,4.903045839514752480e+00,-5.948555950709940809e+00
2.302308115886545492e-01,7.160544713801670902e+00,-9.345025879428709104e+00
-5.132772259727060860e-01,9.481382913534329049e+00,-4.389316154204242260e+00
2.543014426245491677e+00,-8.414023900822389379e+00,7.315211806641611858e+00
-8.585943330862932044e+00,-6.946804356836941974e-01,-4.122362175067022072e+00
4.125896351128396589e+00,-6.953090802728092434e+00,8.886579539749853041e+00
-1.074137118628866361e+01,-4.544577846516028252e+00,-4.753385144439421062e+00
3.914117849373201619e+00,-7.183614227978392996e+00,1.024330391531288775e+01
8.893959332124059536e-01,7.905399642679657113e+00,-5.247990842779695519e+00
3.724485039097192640e+00,-6.266149783521544059e+00,9.751390723946299133e+00
-8.640178583035677207e+00,-7.769163430360757072e-01,-4.544857945048199177e+00
-9.448442190479035219e+00,-4.262963926850835250e+00,-5.362319321469264821e+00
-1.126731594487141841e+01,-1.465003627699790201e-01,-8.419968180392523038e+00
3.540032209855406453e+00,-6.548623227956234416e+00,7.049569067806132239e+00
-6.696550935219227618e-01,7.157323938214277703e+00,-4.494203831862870757e+00
-8.866632233310844935e-01,7.345289736754946119e+00,-8.107279530378349364e+00
2.104777942368725618e+00,-8.777458591797426379e+00,6.304616404343935443e+00
-1.058633495161441473e+01,-4.233837309273955185e+00,-6.485666517207796744e+00
-9.624572832131210731e+00,-1.783712033456203105e+00,-7.990196048673054108e+00
2.367804454053302088e+00,-6.509643033588840666e+00,8.475092784616627739e+00
4.442921595440738614e+00,-6.495407560432154170e+00,8.158548497118886189e+00
-6.557885765587134763e-02,6.493603621662621173e+00,-5.804372236997293655e+00
-1.538509740780436896e+00,6.698995147563362451e+00,-5.586033808197512052e+00
-1.556424179081649539e+00,8.189775010041024927e+00,-4.111916712090032178e+00
-3.327235257722158668e-01,6.724079278469473842e+00,-2.426275303334760380e+00
1.215859389701484661e+00,-4.274830966410033462e+00,1.053739406452813654e+01
1.380065772207357266e+00,7.524209761206671843e+00,-3.222423564493665182e+00
-2.683259286484610318e+00,7.420303551613036674e+00,-7.688318356857421598e+00
-7.163542027018566571e+00,-3.959051160581525064e+00,-6.036640789086700210e+00
3.133281707343743783e+00,-8.827447742002402009e+00,1.004057361242635160e+01
-8.288091928826032628e+00,-1.488994526551097763e+00,-5.713367296088116554e+00
1.428320566767712574e+00,7.577951028379279919e+00,-5.329859543315648374e+00
3.512990939397491186e+00,5.903160646961833180e+00,-5.675655651293370241e+00
-2.481495054235700604e+00,5.135722383059336593e+00,-4.879771902236620384e+00
-1.088260360039440400e+01,-2.800228960410306112e+00,-4.070231409310300918e+00
4.328735509690334382e+00,-7.974701380373210746e+00,1.305418237256935932e+01
-8.173702147424556586e+00,-1.053633545056067211e+00,-6.098327704817603667e+00
-8.004938291630121938e+00,-4.963386435436490274e+00,-3.628899145211510469e+00
3.339100576281597732e+00,-8.409210309489722590e+00,9.920842833504892155e+00
-8.626210611554805396e-01,-8.995841145463852939e+00,8.411461982046176900e+00
-9.812983061116216987e+00,-4.188177040671235751e+00,-2.802389786430572904e+00
2.853084760978508605e+00,-9.049296784664187854e+00,8.615768420787594195e+00
-8.541506406384442585e+00,-1.727186905532110517e+00,-5.856075058865680028e+00
2.453487052948410074e+00,-7.810874724470778574e+00,7.612251898766063896e+00
3.743570150711856837e+00,-5.420926267435224766e+00,1.176924687509464995e+01
1.714947753362927596e+00,7.163554208828428749e+00,-6.124095890763276984e+00
1.638979321239067311e+00,-8.682708169962277012e+00,9.206914374589040051e+00
-8.555526499623233860e+00,-2.133369454084643735e+00,-2.993165766007536810e+00
-1.363769614228120375e+01,-4.784007048619283609e+00,-6.519325028017485479e+00
2.438718494286527427e+00,-6.961268243381604215e+00,8.035292351036463998e+00
-8.866190005768311622e+00,-2.471299671050533941e+00,-2.898328453719194897e+00
4.276510943005614962e+00,-8.097895733924824313e+00,9.690659253524870564e+00
1.485968500716476681e+00,8.019733447191775610e+00,-5.746745257754569458e+00
1.923796666158275048e+00,-7.504208490662040099e+00,1.054423835549934907e+01
2.159906085458962455e-01,4.759931487974932374e+00,-5.107332761567900725e+00
5.538397646976845223e+00,-8.870713844042569463e+00,9.654161074590758673e+00
1.462777631996274863e-01,8.471026844908701392e+00,-7.477661439437161661e+00
2.435020837574350505e+00,5.297997751442190761e+00,-4.519959821014296608e+00
-9.729914991136190849e+00,-2.881931939126888942e+00,-7.090241807853939981e+00
-3.746160045425921403e-01,1.057027240019870717e+01,-3.486673027730372798e+00
7.088984926733695069e+00,-7.466865231267663106e+00,9.338377520755221539e+00
-8.946285110580243227e+00,-2.663711018571555122e+00,-5.523443557365477652e+00
4.170804873031139337e+00,-8.494438117034784241e+00,9.406722140066008819e+00
-9.480880857720290322e+00,-2.130304948581690727e+00,-5.998770856498956583e+00
1.239033623327043809e+00,7.790070496127493804e+00,-5.323344652942957111e+00
-9.652022728760327741e-01,6.984227436867488592e+00,-7.504114644068536677e+00
-1.894677187668396545e+00,9.355309037177901743e+00,-3.430277985420878029e+00
-8.179261203637866018e+00,-2.131040534282873544e+00,-8.381000509624065842e+00
5.718334106578157883e-01,6.411707906269116464e+00,-6.998222913734732487e+00
4.423659970139052433e+00,-5.605602885175028582e+00,9.385505377606644828e+00
-9.359066003632756647e-01,7.734363357037356224e+00,-4.027403080954588432e+00
1.460255690477378465e+00,-9.048491965868521447e+00,1.114638282179414119e+01
1.397755368146520238e+00,1.049140098908272556e+01,-5.464405950543589796e+00
-8.879151893706206389e-01,7.533975125931814176e+00,-8.539017770628939630e+00
-8.154865532808404094e-01,7.555183437689938053e+00,-2.840149712168591911e+00
-9.269695554903270462e+00,-2.532927520864806326e+00,-5.632697942548890779e+00
-9.037140263885598657e+00,-4.508998259320938118e+00,-6.703162033287106247e+00
-8.680169796880985444e+00,-2.576127637552379390e+00,-6.057329641017600075e+00
-1.765452440049697147e+00,9.105269321301577179e+00,-5.361158673240588257e+00
-9.484103028443461980e+00,-1.568887247042971556e+00,-4.231631862048160109e+00
-1.765426343034214529e+00,8.006361616705859774e+00,-7.180066985283362513e+00
2.922453805088149892e-01,7.820181042870268939e+00,-5.444819744979653819e+00
-9.360823006735081719e+00,-1.531094738571476377e+00,-5.892282270094000296e+00
-2.021092842059824868e+00,5.989452312449026650e+00,-4.256085151249968668e+00
-8.426759343377945299e+00,-4.173833614813409199e-01,-4.944308078136791629e+00
-9.231493253628416440e+00,-2.940339800375386226e+00,-6.143503190319936635e+00
-7.453008996635372085e+00,-2.254019524311447142e+00,-7.853538321417785184e+00
-9.713360445968501011e+00,-7.316226221545001351e-01,-5.777141103247189768e+00
2.526478500564347751e+00,-8.963123524113099094e+00,9.403449584031326580e+00
1.651563002133632274e+00,5.705507304768477006e+00,-5.762639633846279530e+00
1.106308574347235618e-01,9.162814142858858091e+00,-7.096189283247855251e+00
-7.727912284648427388e+00,-6.535151450833982523e-01,-5.314536210315732312e+00
5.040597296644692138e-01,6.801831101506690125e+00,-3.673822168151099632e+00
-1.110457114100406928e+00,5.404631738121531193e+00,-3.434098515462776557e+00
8.546907471685638580e-01,5.319179497986375793e+00,-6.294918513743712474e+00
3.824098561424880138e+00,-8.262998473185145798e+00,8.119427723010989695e+00
2.605178939262465576e+00,-8.970223419056884140e+00,9.962350448185558704e+00
-1.234598782210070356e+00,4.765444577082007527e+00,-2.668761138015605106e+00
-3.261807055746957396e+00,7.532721647843737323e+00,-5.704663633400335776e+00
-7.699262239011832598e-01,7.279028665069545490e+00,-7.597555703362369073e+00
-1.038055197670213481e+01,-4.252862482949853806e+00,-5.346743599354106813e+00
1.129586076045505649e-01,-6.416133634676697284e+00,8.996850109203986534e+00
9.222941025931072900e-01,-7.149097409256017777e+00,1.146042978481926511e+01
4.104563624819166812e+00,-9.903498434679276485e+00,9.269974796390389571e+00
2.720355031605004470e+00,-9.525270004454997164e+00,9.750567746246014522e+00
-1.984890139425886879e+00,7.158811643359936028e+00,-6.687496215589966653e+00
-9.721703393045748598e+00,-1.174113801271962299e+00,-4.254861904086922664e+00
-9.493059067913689475e+00,-3.622696136558969826e+00,-5.650027875262286337e+00
4.808515896019180502e+00,-8.069593800657326454e+00,1.201373894739378301e+01
-1.775663946992146913e+00,6.876770541220690092e+00,-3.406045216662816344e+00
2.770582751007321765e+00,-7.116726217745633853e+00,1.050091609648702651e+01
1.711030298423008134e+00,7.011984288586152303e+00,-6.287565987001682899e+00
-1.052058890050635220e+01,-3.399101552720170893e+00,-8.202952280165089149e+00
3.986684520887911809e+00,-6.792808473842836037e+00,8.605789426348023241e+00
-5.990591284005773787e+00,-7.487019195875190825e-01,-7.831671560890107742e+00
-8.819450208955577963e+00,2.791302604542842403e-01,-4.680469005147304351e+00
-8.821318706163587819e+00,1.818237352800404771e-01,-4.399374506873611423e+00
-6.420000115060828350e+00,-2.853944955958975349e+00,-4.895544817325122366e+00
3.766561388683271172e+00,-6.780175827091695417e+00,1.109672258584638627e+01
5.156883914121069168e+00,-5.907257144117933123e+00,1.006667087414954764e+01
4.624140344964642324e+00,-7.834469010393966926e+00,6.669050654560052749e+00
2.749692967316084591e+00,-9.560420185207982868e+00,1.046937424134008232e+01
2.556173981593868216e+00,-7.657213559511288459e+00,1.060729917450011506e+01
-1.929564577717725937e+00,6.354131668477307926e+00,-5.911764309829481867e+00
2.886907654109101440e+00,-7.106802126686330823e+00,9.337590987875229231e+00
-8.950932149217123879e+00,-5.252364795290524135e+00,-5.473863235863454690e+00
-8.024922477829827372e+00,-3.294994707966609759e-01,-6.858982827739854571e+00
1.302244167598871405e+00,5.532878527012643488e+00,-5.452297436715796586e+00
1.647252694170168397e+00,8.006411348338057010e+00,-2.177974554072449997e+00
2.484188151196685013e+00,-1.038815309997232816e+01,8.677641164920883554e+00
-8.276617020609915443e+00,-2.379814340656349891e+00,-3.703800301790112215e+00
-9.111780097930648026e+00,7.300477095651340953e-01,-5.188003899796577834e+00
-1.738811114367609711e+00,6.754027079219160790e+00,-5.805752169497141679e+00
-6.945822289718535103e+00,-1.846041226140096470e+00,-4.517420647431912073e+00
1.861328162214049398e+00,-7.031545373588850900e+00,7.670539632995220458e+00
-9.199633559155107054e-01,8.724958880928229021e+00,-5.187955438288406107e+00
-6.460853722988712633e+00,-1.859104980551842701e+00,-5.706499894631066994e+00
1.209622019010553107e+00,7.037435179729262913e+00,-5.589753211899219032e+00
2.301929596077319840e+00,5.650936814315613788e+00,-4.355776316131160897e+00
-8.267180481638600753e+00,-2.209053263628045993e+00,-5.423981340286799124e+00
-1.065106097889812453e+01,3.050372688372968710e-01,-4.068696137267261648e+00
2.125474603625667314e+00,-7.997798763992985727e+00,1.015445291268190076e+01
1.034553384935410492e+00,-6.997562641474891265e+00,8.942267790540572747e+00
5.968386689888348862e+00,-5.266549353786294851e+00,9.620712382015039310e+00
3.008901937124663917e-02,1.006488112782662547e+01,-4.700564155427743529e+00
3.871633515755541488e+00,-7.849787222709254664e+00,8.378646464569634134e+00
1.914023760296451382e+00,-7.819022170226268997e+00,1.209849727726435376e+01
4.603834738750571809e+00,-8.847038931523783845e+00,7.911620430294092010e+00
-1.213971892362545546e+00,9.231837154793959499e+00,-4.103759133775755963e+00
9.021418591782703889e-02,7.856102671746683086e+00,-7.824877678456296337e+00
2.606411008132899276e+00,-1.173262635543571264e+01,9.874751016452332664e+00
-1.608764100951485476e+00,4.864387727879005752e+00,-5.905368578425446380e+00
1.391071937154154003e+00,-8.062903796355396224e+00,8.578735013510222274e+00
-2.416480044041327435e+00,6.001484549758476561e+00,-5.627070127680069866e+00
2.438637351880848847e+00,-7.328281582351613643e+00,8.491678457808438552e+00
-2.915108198674024820e+00,6.524894210094148939e+00,-7.252433924150477829e+00
-8.687963503438442814e+00,-3.638098496246431779e+00,-7.713965741188189007e+00
-2.927846203746490961e+00,5.947916404587109795e+00,-7.217349371538352543e+00
3.344935626210761015e-01,-1.078132808267678655e+01,7.562636949781592399e+00
-1.817911840096671394e+00,5.045544343530285580e+00,-5.018698034105936401e+00
-9.739350009622199877e+00,-2.932343973527011816e+00,-5.250458757539981924e+00
-9.588447927359748491e+00,5.006260396995561024e-01,-7.526064101860569622e+00
-8.771050737172252809e+00,-2.619115380862649722e+00,-5.142921552671296581e+00
-6.813185176406864052e-01,9.350729083875039649e+00,-8.367703812472786495e+00
-7.352402338406671234e+00,-4.436327899878278913e+00,-5.431017756165121391e+00
-1.055287520957546299e+01,-5.621761814042969263e-02,-7.166415774773357228e+00
2.849838696137393157e+00,-8.348710204070927787e+00,8.400844720247382824e+00
-6.946720859136954473e+00,-1.498685052271401474e+00,-7.337936162325583211e+00
-9.035683775613810198e+00,-1.445456992555569586e+00,-2.878005568650657153e+00
-6.943306153886130261e+00,-2.995784152051144567e+00,-4.544001065590911104e+00
3.232577171834803753e+00,-7.680252808798523567e+00,1.127247057617971926e+01
-7.721801632475022714e+00,-1.070595631487341493e+00,-6.244540351944969814e+00
4.113714932731904028e+00,-7.035797120762977030e+00,8.199047595129719923e+00
4.739510284552405750e+00,-9.338897808578970228e+00,9.192154050546482935e+00
4.886729090215096605e+00,-7.252166679178829511e+00,8.388383191291243435e+00
4.012741784934454881e-01,6.978208805886481514e+00,-6.097110341722818738e+00
-8.178851036418949505e+00,-9.327554171187673049e-01,-5.142509726565572592e+00
-1.571494632496055033e+00,8.929717925338374940e+00,-5.370340159075214892e+00
5.390396760925646458e-01,7.795186701667225826e+00,-5.367915606809988915e+00
1.775427986095175381e+00,6.316083146294547035e+00,-5.708423755716401260e+00
3.000250266291591306e+00,-6.751186603894987925e+00,1.082936636569318800e+01
-1.085827996857447175e+01,-2.021669756215991320e+00,-6.643346903219881305e+00
6.789925199481250395e-01,-6.657021950043183089e+00,8.829810722484301877e+00
-7.362388335695453812e+00,-5.153131469530269904e-01,-5.298069190242017612e+00
-1.239228354726447101e+01,-5.478580286088106099e+00,-2.536636248060826659e+00
-9.790904113344925719e+00,-8.934174037336677365e-01,-7.177929268338921531e+00
3.249989966280133036e+00,-6.632573673639184264e+00,5.538831902499731896e+00
-8.560445213033851530e+00,-3.215131049917805406e-01,-3.497357072443559645e+00
-1.606321632832927726e+00,8.700473524254334734e+00,-8.036000168619356288e+00
3.725661798803199698e+00,-7.568919597850201519e+00,9.659059174889897292e+00
-1.654871378556436179e+00,7.408584572472989294e+00,-6.281999657152676164e+00
3.072842337325776718e+00,-8.787113705062830959e+00,8.602708800756788676e+00
-9.942111154405958828e+00,-1.415547514822129704e+00,-4.558210084403441442e+00
-8.631409613905660194e+00,-1.033220401329451255e+00,-4.038961367187790863e+00
3.721910098920921506e+00,-8.671287147095767978e+00,1.359761489769690712e+01
2.089989512211152700e+00,-7.993981636063346663e+00,8.257834451223251548e+00
-9.142345304262464722e+00,-1.722368877747635363e+00,-5.798306880880505609e+00
4.957969582870882519e+00,-5.751628252613800285e+00,9.542091235881262179e+00
9.243201930935690536e-02,9.416207866655042835e+00,-4.671552469101616367e+00
-1.220710994664010940e+01,-1.232662032663427887e+00,-5.417789108580619128e+00
-9.932245720719599547e+00,-3.159905848700903963e+00,-7.112651130283222045e+00
-9.876506025873311501e+00,-2.975990366785881136e+00,-7.546296633891193650e+00
3.106439961564496866e+00,-9.325279192340852674e+00,9.292971536960791923e+00
2.621395546446242619e+00,-8.300755303720329437e+00,1.323153266994133048e+01
-8.079183663424332806e+00,-6.845442406120922918e-01,-6.149957252921160133e+00
4.520137203107138291e+00,-5.536236196931461073e+00,1.092466459010555724e+01
-6.887827959597242256e+00,-4.796777941997165229e+00,-7.481537891982893207e+00
2.172239767837370605e-01,9.682801930901689502e+00,-4.900362244507632248e+00
-1.508114606630202248e+00,6.993456211610991069e+00,-7.346597139083161920e+00
-1.053186141968892287e+01,-1.467307765738089520e+00,-3.233624978043742715e+00
3.423355783230247695e+00,-5.629127334399960603e+00,9.969120851091478386e+00
2.589414159686198591e+00,-8.729802682553893689e+00,1.153586565648690865e+01
1.026450898599139183e+00,7.028525071257858414e+00,-4.621567006910040298e+00
7.473158426233228457e-01,6.160811634100253897e+00,-3.550160632525066084e+00
3.505341878854321358e+00,-6.891317062776677993e+00,8.118020027037374575e+00
-7.750121355873051954e-01,7.226612545276062782e+00,-4.563904680589227603e+00
1.487513974621361701e+00,7.196148660264331198e+00,-5.281796767361005784e+00
-7.945688184677792698e+00,-4.391242948702469562e+00,-4.376838835686158724e+00
-7.386958946708966245e+00,-1.702486631402277295e+00,-7.057631858215426490e+00
5.957802665305454326e+00,-6.137091128044006361e+00,8.231315062959154716e+00
-1.221996649266690937e+00,-8.949741878487831315e+00,9.190645142652478228e+00
-8.156606842047481321e-02,7.928640207141629759e+00,-3.939047749146681099e+00
-6.562604288118170093e-01,4.444809106612233052e+00,-6.569648232958214429e+00
2.829634086915772340e+00,-8.159038794895485225e+00,7.252516648918854614e+00
2.057435428252540000e+00,-8.635650495434619600e+00,1.023776110508551795e+01
7.267530563471436444e+00,-6.096927696957079590e+00,9.072263816023825811e+00
-1.102483338997024376e+01,-2.796812884180193137e+00,-8.650750874288027248e+00
-1.177759357285716568e+01,-1.445502491202878215e+00,-8.304594657822985226e+00
-7.732260943002548181e+00,-1.650671534329368750e+00,-3.838859912875038916e+00
1.923133554103209075e+00,-6.863594381261474808e+00,8.683686183333428232e+00
2.095204193024763129e+00,-4.745866903657979918e+00,9.441564144305521822e+00
-8.396857069737460932e+00,-1.208352161551285775e+00,-3.987831286271554809e+00
-2.021154456885653428e+00,5.925735181383091188e+00,-7.606746635770975651e+00
-8.878609121023853135e+00,-1.904416368897490441e+00,-4.765904231440206473e+00
3.824961369282410928e+00,-8.842425695119416673e+00,9.861875959095815602e+00
-9.140217040415370420e+00,-1.937594255034018609e-01,-5.108797494362297797e+00
1.856185562010809864e+00,7.549787605466329765e+00,-3.645155330252945358e+00
4.629962203179140090e+00,-7.350432787363578413e+00,9.556107579439185429e+00
4.694171074941365873e+00,-8.233438696745480456e+00,9.386753650924587689e+00
-9.901008316589408054e-01,-1.070720513769838256e+01,1.097675198863824164e+01
-1.056646109432686309e+01,4.795798926425742792e-02,-5.153222074741299785e+00
-1.629537889890155355e+00,-8.283517141242104032e+00,5.622867066646263901e+00
1.294336411063935266e+00,5.371283676042656552e+00,-7.199499613781209284e+00
-2.260083863767619050e+00,8.649696521894314927e+00,-6.147363492705999022e+00
2.296070828016638199e+00,-9.989643543594866060e+00,1.021360189122211715e+01
5.057710878597054815e+00,-8.222722728977965190e+00,1.020782252138057267e+01
-8.172725734262829889e+00,-1.661739705976655657e+00,-6.407343279452888396e+00
-8.784431741171001562e+00,-1.919763160112769596e+00,-4.505690698595818056e+00
-8.268835854108282035e+00,-2.884244698043477939e+00,-2.022464143713973428e+00
-8.448869830370929535e+00,-2.942003958925208718e+00,-5.291122629960792523e+00
-6.882706164711311914e-01,7.828910119592899619e+00,-7.457561611340946861e+00
-1.363310649102172922e-01,7.343001378941023560e+00,-4.558438020195147544e+00
-1.165968030845037440e+01,-2.420657093287548633e+00,-4.960650843373672458e+00
-9.628949885192152891e+00,-3.441356387779453740e+00,-7.627679213330800678e+00
-5.821323434716541456e+00,1.825705563672261889e+00,-4.278977569789120139e+00
-8.382852006360369757e+00,-3.200392532333501627e+00,-5.636165658789892952e+00
-8.000180616434979797e+00,-3.607818258840334025e-01,-3.345147965364833720e+00
-5.148919142963109152e+00,-5.036995145875919455e+00,-4.509722346861436471e+00
-9.217790664894222274e+00,-4.276396826793635420e+00,-5.931721285498204210e+00
-1.158108838675657104e+01,-4.321464232503780423e+00,-7.444578820121686036e+00
-8.506063407602812987e+00,-2.391349834966030041e+00,-6.149902243420189762e+00
2.906231498073424291e+00,-6.943303606669968708e+00,7.608739648868892758e+00
1.349532891685885527e+00,5.282341199669641441e+00,-4.322521898778559191e+00
-8.771607450828781793e+00,-2.694583399826477876e+00,-4.346495859339737144e+00
2.665767427411369628e+00,-9.729631399248546586e+00,8.212877652886906077e+00
9.082497699121581114e-01,-6.419840187261715236e+00,7.645130613920786189e+00
2.447555690498889547e+00,-9.429332570644339384e+00,8.272383893039618741e+00
-8.716763323763185412e+00,-2.796831584459873454e+00,-7.440569896905737224e+00
5.432466740292044349e+00,-1.025145831588481116e+01,7.573608528366135850e+00
4.485425809583691859e+00,-7.278415461729498048e+00,9.632446110908720271e+00
4.612079081848012407e+00,-6.940686252445775750e+00,7.195489469194608745e+00
4.442813876519206673e+00,-7.700934073160467186e+00,9.374072939337111166e+00
-7.048565486373052913e-01,9.735742857201870493e+00,-6.598093336237907280e+00
3.206833991561169661e+00,-6.168229412820481095e+00,8.632178763244498398e+00
-1.241639330023305288e+00,6.325043291716145433e+00,-9.737345620396569146e+00
3.733120665932171178e+00,7.608634513517184672e+00,-2.459934395113285266e+00
3.444771016889883075e+00,-6.544050802478834861e+00,9.473327755642170445e+00
1.486030196988737284e+00,-7.676978620069428771e+00,6.957176758038663422e+00
-9.121281199712980126e+00,-6.408572734939768090e-01,-5.979773832371590991e+00
4.828355464074314263e+00,-7.838127079324994639e+00,7.369124294546893772e+00
3.222430468594642772e+00,-9.226397339563387590e+00,9.517057554233744554e+00
6.585911283272736227e-01,-6.461240008431082593e+00,9.915803947424510767e+00
5.935860583301271198e+00,-6.757432444389564807e+00,6.190934479745741292e+00
-1.297311697217840676e+00,9.640195873107231250e+00,-5.308567413301491733e+00
-8.455604267377120564e+00,-1.349253129274473606e+00,-5.386147012381409915e+00
-1.137676340096190408e+01,-1.492624804361089685e+00,-5.226411712499172246e+00
-1.486069070289895544e+00,6.252748576679191927e+00,-7.797211450817851386e+00
3.222462622766287588e+00,-1.016501819649017690e+01,1.124968064732476591e+01
1.652918378483539730e+00,9.447279673101556696e+00,-6.322201107911260110e+00
1.836552241915112793e+00,-5.177008319556202665e+00,1.055066018314659537e+01
-8.727677242995754980e+00,-1.409960611977220557e+00,-5.320132682172840077e+00
-7.703969127836696185e-02,6.826905845098048431e+00,-7.060179248348291914e+00
3.719770201109247054e+00,-6.533225171685240973e+00,9.456788667519408165e+00
4.475323581210957968e+00,-8.286624812826364206e+00,8.791933054859212504e+00
-9.340462018742039518e+00,-3.898857070999027563e+00,-6.187142014799668743e+00
3.348325533053253533e-02,1.031427003783958263e+01,-5.948241033435540892e+00
-8.422998573747410234e+00,-2.161589858105360751e+00,-4.940771427235822522e+00
-1.909530065888702222e+00,6.891182856648591759e+00,-6.991638524074343053e+00
1.865227920723355304e+00,8.211472317249786101e+00,-3.380666345805442674e+00
1.594720512579308469e+00,7.074724693097683925e+00,-4.802397446945613879e+00
1.899642768726306219e+00,-4.869412006722073194e+00,7.149109939171490957e+00
-6.432771643459336275e-01,7.121217785487846008e+00,-4.595989557366760181e+00
-2.797144654299372757e+00,8.827586786543429653e+00,-5.842511250732069783e+00
-1.056033799159246556e+00,5.672702688696709572e+00,-2.302501056390252820e+00
-3.925060132275174918e-01,7.531649615758669647e+00,-3.860063614994852621e+00
4.408103653496207031e+00,-8.366429504799382855e+00,1.006168091930363495e+01
2.773531371676814850e+00,5.936351890006390519e+00,-8.453464278815248534e+00
-9.143913443078290015e+00,-1.194880753329484513e+00,-6.080319589094040467e+00
5.256790803549259650e+00,-8.703072650534698695e+00,5.878992991774415700e+00
-1.291360172960177799e+00,7.370447493960954333e+00,-5.173722812102218960e+00
-2.820146698091401838e+00,8.171452099804550784e+00,-4.189006957434156853e+00
-5.544828035064386373e-02,5.015634091591658184e+00,-5.363346221762590460e+00
-9.418160866656869246e+00,-2.899650042092623448e+00,-7.700283901555621924e+00
7.609469767292207365e-01,-8.057864919666767989e+00,9.390620419313654210e+00
-8.621767986422860020e+00,-3.477186337833206409e+00,-4.688502415224786724e+00
-8.853947813953462642e+00,-1.211575836869290823e+00,-5.908062928545531278e+00
-1.395402144219067608e+00,8.005676055623315079e+00,-4.451956098335572598e+00
-8.276566768393177398e+00,-8.260421242528719343e-01,-8.090717388091228202e+00
-7.270610218078167541e+00,-1.554046695187212723e+00,-4.699967386480404130e+00
-1.224806048618666132e+01,-1.565255205302016783e+00,-8.146101398214508293e+00
-1.214724526857158260e-01,8.035212259959596537e+00,-6.240108706852987908e+00
-9.464084055622919323e+00,-9.040261548002190839e-01,-6.823994439060654393e+00
-8.942661296707337115e+00,-4.780994850194022483e+00,-6.720902751181214718e+00
4.751890964263800754e-01,-7.444169541949585245e+00,8.414814867609766935e+00
-7.398831413615635233e-01,6.305178793067520715e+00,-4.861450855757497358e+00
-1.270730473638352898e+00,5.053207282245597121e+00,-7.288484735399826775e+00
6.695651954444641341e-01,1.036920033366076233e+01,-5.343464139596568963e+00
-1.104919348984634198e+01,-2.530222168563909690e+00,-4.472516959847485651e+00
-1.903472986441574033e+00,7.082994968807536651e+00,-5.619344239801566943e+00
-8.972802202160039542e+00,-1.169576473223111535e+00,-3.810468021832829955e+00
1.215136366994524320e+00,-5.729137855459067730e+00,1.209020007728345192e+01
-9.011379993205121508e+00,-2.059119302987584721e+00,-5.414404618594675256e+00
1.713259012720469876e+00,9.901990366776413310e+00,-7.277957748650827341e+00
-1.198411509214683868e+01,-1.069930597835311303e-02,-7.140686436660609537e+00
-6.850680810110993946e-01,1.031733762338062199e+01,-7.813597258694548131e+00
1.962297468334810446e+00,-1.060209241758346010e+01,9.917054487705412313e+00
7.164020893949727409e-01,6.302786292468594453e+00,-5.495685594537341956e+00
2.305628593748298982e-02,8.968796105490831394e+00,-4.699469287673579743e+00
-1.001916103467303820e+01,1.060541845066316213e+00,-7.187986690375328891e+00
2.613744350035623887e-02,7.254198461602124226e+00,-4.305216334885143326e+00
7.812855440901405046e-01,-9.767473948338587064e+00,6.997710542205942907e+00
-8.315649260116879660e+00,-3.550123430586194839e+00,-6.046435016109110272e+00
-1.037740166313715307e+01,-1.470139212687391117e+00,-5.138144068750376547e+00
4.126657869353543617e+00,-8.466016264512470357e+00,8.941306159584748059e+00
-8.584126892547134347e+00,-1.570132651084718001e+00,-5.532830283918928949e+00
1.326760439503154476e+00,-6.376376572729040682e+00,6.983543218693799126e+00
-9.832531703670358780e+00,-2.613305992770463160e+00,-1.845400232658241713e+00
3.073706506991058518e+00,6.129813571551061102e+00,-7.334489976646080933e+00
-8.041309391425057740e+00,-1.384553956258659735e+00,-5.754697294705575672e+00
4.057048234602653736e+00,-1.006125038299628116e+01,9.342390460418204867e+00
3.815503611962352881e+00,-7.018264286711513478e+00,8.652106025889841234e+00
9.560735201598609123e-01,1.071244400620467374e+01,-5.470932953691806766e+00
-8.924328873118206218e+00,-2.131579545749957560e+00,-5.143403287806208368e+00
-8.860294834411062581e+00,-2.997230030771122600e+00,-5.984512961874269621e+00
-1.440514847801509735e+00,6.387211597621735848e+00,-3.951713129048121775e+00
-1.110879085442342173e+01,-2.398496850365955169e+00,-1.492852319471614564e+00
-8.194913814739431146e+00,-1.841800970350589317e+00,-5.337847997028110747e+00
4.245907056265269652e+00,-7.562372144451583900e+00,9.591157912918278683e+00
-7.235660024289236603e+00,-1.136520339894519394e+00,-4.877775907877373029e+00
-7.017659165355900619e-01,6.189638296721702737e+00,-5.685617534127360706e+00
1.997779809519570460e+00,-7.545073345895752404e+00,9.319801831943918202e+00
-9.139110012095516211e+00,-3.305855616051273316e+00,-5.190911288027771242e+00
-8.922469554623431165e+00,5.725622762984317049e-02,-6.730607941873179456e+00
-2.284347299824361244e+00,5.976693400626756691e+00,-4.521206996755732455e+00
2.135636570448335547e+00,-8.541292823491737352e+00,8.408283658613139977e+00
3.912166455341770099e-02,8.169284085424079578e+00,-6.570198371092606848e+00
-4.429669209540454844e+00,8.293886607710465597e+00,-5.373229789373129783e+00
-8.177159745491573428e-01,9.866078556622987605e+00,-5.179179026579815215e+00
2.409867234667289360e+00,-8.291946844496719038e+00,7.784097167989324717e+00
-7.245749078417988542e+00,-2.092106967970529752e+00,-5.161664452146409232e+00
-8.476629905247192731e-01,6.841919803280487322e+00,-7.040975512382700252e+00
-1.093735672158551786e+01,-1.917059240110711160e+00,-4.045929254952659093e+00
4.681505276081416866e+00,-4.979797083586179340e+00,9.888344653568285736e+00
1.807287640069059842e+00,-6.538223736531767472e+00,1.118819814561569181e+01
-2.940176186043846340e-01,6.168993287230775557e+00,-5.492102274171173804e+00
2.022825985027068008e-01,-8.177843023704582492e+00,1.239582706408636170e+01
2.720899830178073575e+00,-8.918918111512525115e+00,1.218359963258342837e+01
-1.031039189867217765e+00,6.916871219609003418e+00,-5.602757107856525032e+00
3.315642147479548107e+00,-1.005971914127019673e+01,6.323772752221169746e+00
4.787032440396320254e+00,-7.948354437029678365e+00,1.001763949461786218e+01
7.538298887266834392e-01,5.077790324984484904e+00,-5.149771919744448923e+00
3.026885809908048675e+00,-7.814094217169259338e+00,8.401322162137185856e+00
-1.093147639349041000e+01,-1.379134042862004694e+00,-3.962907511704813146e+00
2.179158053754956637e+00,-1.030605983966922778e+01,1.032670653653768511e+01
-4.180746584749606143e-01,6.710465934661788978e+00,-6.706996002501757204e+00
3.825511069304919687e+00,-9.015798132479016402e+00,8.249931993075067638e+00
-1.112624085825693498e+01,-3.578427904505842250e+00,-5.265213283969049307e+00
3.205111299907369649e+00,-4.550400179619913388e+00,6.201200533283055094e+00
8.848339028095320025e-01,-8.482824460623254126e+00,8.917511259995956507e+00
3.273288144157336266e+00,-7.732569858638821181e+00,9.237030075862101341e+00
1.459957058629104409e-01,-6.484222114193604725e+00,8.830710067869549817e+00
1.847573085664905967e+00,-8.419673323114810870e+00,1.171134245064565782e+01
-8.768911154382701412e+00,-1.797484706667467957e+00,-5.579449979963671424e+00
-1.082223058803857185e+01,-1.932943251520760741e+00,-6.010692045648180049e+00
-2.009581480443057622e+00,7.484508754469885616e+00,-5.908673865973732120e+00
7.073652342897505108e-01,7.555501169970980868e+00,-7.788954264206413569e+00
5.603914443601787365e-01,9.465263519103015000e+00,-4.690762009705537139e+00
-2.292721825471398578e+00,5.137020346336724330e+00,-6.343746088936226712e+00
-1.098409333410740985e+01,7.272022495847032530e-01,-6.580060384545873831e+00
3.352653127853049142e+00,-4.702121840600928415e+00,7.729821675069569409e+00
-1.114749707151000813e+01,-1.104318179894685059e+00,-5.014569476466091302e+00
-7.051280870527379285e+00,-3.864165472675644253e+00,-5.513101415174942233e+00
2.780033245052558222e+00,-5.424924314834815853e+00,8.831953487304296857e+00
5.682369285587836050e-01,9.397005430329009812e+00,-5.776593671878149650e+00
1.918675336637519768e+00,-8.936759438132080291e+00,8.749736560402814334e+00
4.253975992905679959e+00,-9.633027359281243207e+00,8.020687590189243821e+00
6.936625467521436050e+00,-8.518542737725221414e+00,8.294063132276299655e+00
3.992493393959101411e+00,-8.487189430687580582e+00,9.735623906283894513e+00
5.859521785764368218e+00,-8.456643992509658148e+00,4.218442746745576954e+00
-9.477164801459485588e+00,-4.520549242715730998e+00,-5.159571634238019122e+00
2.005114163482512701e+00,1.024721700929520019e+01,-4.811066349624648630e+00
4.998325103230805144e-02,8.165261897465118324e+00,-5.323839294261189181e+00
3.018516292700828885e+00,-7.491767778364194719e+00,8.819342071342209266e+00
3.525353096417279009e+00,-7.996677914093272221e+00,6.890917818140072981e+00
1.688944317520669536e+00,4.406334486470572465e+00,-5.637782331807508207e+00
-9.362678383138224092e+00,-1.968592989098589818e+00,-4.817004193211024798e+00
2.313113478106370469e+00,-7.056749049029579446e+00,7.260839711829503607e+00
5.047888346993564035e+00,-6.797413084946789752e+00,8.279918170170702751e+00
3.995513323821888285e+00,-9.102248210241761228e+00,8.387609793573899353e+00
4.642847463521911244e+00,-1.020248710014965887e+01,9.484098033675751438e+00
-9.775948938707962554e+00,-6.724139660115358019e-01,-7.114163539514052559e+00
-4.746643098733166477e-02,6.856164435508557808e+00,-4.467641437559058737e+00
3.804922249173884330e-01,6.900088672470203299e+00,-4.799004107286767074e+00
-8.180345147754577440e+00,-9.847894132616079599e-01,-4.876864213370129875e+00
2.581322927918265897e+00,-6.823777213700862099e+00,9.697312199632905916e+00
2.735238474313118839e+00,-8.022359296400681572e+00,8.839527341119721271e+00
-6.778179243339440552e-01,1.033049383879357208e+01,-6.540736446501577817e+00
1.335264013939100547e+00,-7.551801520385208910e+00,6.808006385035277219e+00
-3.840186030500870040e-01,6.666459811869859031e+00,-6.568642338672233905e+00
1.607701419219742744e+00,-7.675181191074411657e+00,7.543336771611160785e+00
2.910026430484855986e+00,-1.180208971281962960e+01,1.081822884513300131e+01
-2.044854078870479874e+00,6.806041115977921940e+00,-4.989699927132052792e+00
-8.416969634167474901e-01,9.837688411399005517e+00,-7.554142044288767899e+00
1.803129292435607933e+00,6.586507983483549822e+00,-6.986340517167676900e+00
-7.935287623298481030e+00,-1.871666582970254789e+00,-3.559950788222589146e+00
-7.612968370517915417e+00,-2.370917992651256689e+00,-6.757823455582309791e+00
-5.611905649908650595e+00,-7.908858497156170397e-01,-5.368401099804095189e+00
-2.003192417115304380e+00,9.441920150337297812e+00,-5.885046400988485082e+00
-9.355451211574647985e+00,-3.300261010629786718e+00,-6.028622995858739841e+00
1.701368705911492363e-01,7.279846504184881439e+00,-4.671505585241307656e+00
-7.005137031926084390e+00,-2.582343569778706271e+00,-2.847066697755934683e+00
-7.049538794788380969e+00,-1.439297743899378368e+00,-7.581375893837623003e+00
-1.513349109587892594e+00,1.001131103270146028e+01,-2.625259916746427002e+00
2.162302159079924735e+00,-1.056868197498313933e+01,1.115407089769081495e+01
4.611751284009341312e+00,-5.959614627055726643e+00,8.076314099521789913e+00
-2.015430313517496685e-01,-8.447845112278717039e+00,8.466606591095093393e+00
2.579622297860839186e+00,-8.291395337080038175e+00,8.275415289079944614e+00
4.597807505286972685e+00,-8.925495533314341756e+00,7.428411444737195168e+00
-9.293652954796485233e-01,1.007083399461762596e+01,-3.029936052307741878e+00
-9.290078731120052780e+00,-2.869792169348532873e+00,-2.613090355330319525e+00
4.438915974577772872e-01,-4.752311082205911141e+00,8.482506524509021872e+00
-8.627416552893226509e+00,-3.228726126798634688e+00,-4.125367787324649704e+00
-1.691192915673946029e+00,6.128695829711531928e+00,-4.516143800200927316e+00
3.398948204779671300e+00,-7.083071420478753488e+00,9.317726556494942969e+00
-5.293865940420466876e-01,1.108258841158692398e+01,-6.139490091322501897e+00
1.292179762197645410e+00,-8.495269702009734303e+00,5.549087563260942879e+00
-1.010490735004277596e+01,-4.149781878715403494e+00,-4.826632330177666574e+00
-7.537704906374948166e+00,-2.126297416266035967e+00,-5.846253095608341610e+00
-1.779941719745498641e-01,8.512199087857776902e+00,-6.609896015357518806e+00
8.569858297853514273e-01,9.083939798770682472e+00,-4.744776637910811168e+00
2.116979721935037251e+00,-1.044477454634366076e+01,1.087004177944527861e+01
-7.438790046301798853e+00,-2.253540060362230868e+00,-3.069500804591697829e+00
-9.728220033126950828e-01,7.468494073897668173e+00,-2.721978797238934433e+00
-8.224697555000087590e+00,-2.149188203206029879e+00,-6.824126460912536274e+00
-2.145772064533459034e+00,6.011256957156938974e+00,-6.143487681559635760e+00
1.677867947616430655e+00,-7.647351098853718554e+00,7.385860105290300126e+00
1.079341513846359568e+00,1.001948023901000795e+01,-4.760195223038783396e+00
-8.197404527457626600e+00,-1.159133005370728497e+00,-6.291691821283022179e+00
-2.549047157299098920e+00,5.575816903008989911e+00,-5.402188150626092700e+00
2.628498554886691263e+00,-5.628554706220577408e+00,8.642475004700893138e+00
2.565852547141304285e+00,7.869582319781253332e+00,-6.406269871152872497e+00
-1.339996902159390402e+01,-5.991696063775966419e-01,-6.348994483947940637e+00
-1.044839282499068656e+00,6.118111216777235128e+00,-6.936661981529690379e+00
3.266574979079182484e+00,-7.802509244404390643e+00,7.939043926588816191e+00
-6.477036470276562596e+00,-2.179345672218223395e+00,-6.096278118246044819e+00
-1.144556812429120285e+01,-3.264860053323046518e+00,-5.597871464262991203e+00
-9.320275111845861105e+00,-3.169846382605099766e+00,-7.230988354900336645e+00
2.663097494374144780e+00,8.062087735100481822e+00,-7.527110527781376348e+00
-1.116567183670195806e+00,6.513021429218417424e+00,-6.934506899541478475e+00
3.654935900596770537e+00,-9.175028426999668696e+00,8.416182150486012148e+00
-4.969136703232128749e-01,7.137896806546203621e+00,-6.360764760400264173e+00
-1.153361992707629291e+01,-2.202877766199843101e+00,-8.909244312609059691e+00
-9.768550516816485896e+00,-2.608642832928256272e+00,-4.085007695504870640e+00
5.450227496711130826e+00,-9.267161167918914089e+00,7.949392734578045960e+00
5.460477709777094901e+00,-9.163730180289343608e+00,7.506966410293935077e+00
2.522690245324010760e+00,-1.011355031213219036e+01,1.098030601577737819e+01
-9.073551188721484806e+00,-2.155712179036213261e+00,-8.165180368838051095e+00
3.205230011703775528e+00,-7.187151393224880280e+00,7.938247978926812110e+00
3.749192767963844375e+00,-8.365936273001125301e+00,8.411667157990907029e+00
-6.686131605113000198e+00,-1.970595870837516861e+00,-3.916322364929340161e+00
-7.071290089086925690e+00,-1.111332892210567858e+00,-4.252373807166895503e+00
-5.739023244586904937e-02,8.090819912324587193e+00,-6.456654673734890437e+00
2.312983779273472429e+00,-8.111508108992698141e+00,8.755220196847158576e+00
1.210333479763879838e+00,7.883120280256914469e+00,-7.518155845053850150e+00
-1.163832149719565656e+01,-3.247480274793725918e-01,-6.563009135533713234e+00
2.652409646501531437e+00,-7.377997877642366475e+00,8.335728418041110643e+00
1.261684298767553170e+00,4.722715530040320075e+00,-6.522291266112562269e+00
-1.672025057736496567e+00,6.872537242867196916e+00,-5.289377585172678309e+00
-1.399714155187321563e+00,9.559595655280761051e+00,-6.743078652059383060e+00
-1.070656971660658385e+01,-4.336360863532055632e+00,-3.846869847736809955e+00
5.704541388035835325e+00,-6.757252947637806706e+00,7.298048044935086409e+00
4.510144905281274319e+00,-5.566158998162960891e+00,1.064742155766037257e+01
2.259743770997963974e-01,9.925811457498756596e+00,-7.622757558560447677e+00
4.189329434320721468e+00,-6.616372181789030193e+00,8.770458897934638287e+00
-8.804903509540119799e+00,7.189488257882499234e-01,-7.360576254122808137e+00
-8.932188237986812496e+00,-3.382121774108766576e+00,-5.969645942889708401e+00
-7.616592374002178367e+00,-2.876231884970636532e+00,-5.033068720490808445e+00
1.357477398179918193e+00,9.240745225067774626e+00,-7.550326468276354674e+00
-1.176354250473244534e+01,2.290361363207469303e+00,-6.217014267372869440e+00
-3.137503037164758313e-01,6.800347005121751387e+00,-6.002491120630377708e+00
4.731767022135457523e+00,-8.294848990096888031e+00,1.036876682819498718e+01
-1.116019377961402093e+01,-2.963148662974188774e+00,-6.089402465744535142e+00
-2.862058654478273345e-01,8.434322571799727442e+00,-5.332238228225840260e+00
5.847798890059672239e+00,-7.604858004140369943e+00,8.675253508728435037e+00
-1.061127152184093170e+01,-6.813527318156074042e-01,-6.221634702801969397e+00
1.088369986573046511e+00,-8.452403930179620772e+00,7.202183853745092179e+00
-1.959769874711513094e+00,8.466179187649416349e+00,-3.415395122935403371e+00
-9.997305462277157773e+00,-3.923550744753733888e+00,-3.816016559585793999e+00
2.659320621111463279e+00,-5.756873018047603097e+00,6.566090945852791627e+00
-2.146574830616322371e-01,6.514547579569571312e+00,-6.257639481023765882e+00
-7.649096312938722164e+00,-5.361308870869605503e-01,-4.889403558303376585e+00
4.468769435838915172e+00,-8.071036479416029863e+00,8.599564047236052389e+00
-8.881410503073691842e+00,-3.219465375634777971e-02,-7.261791517431619880e+00
-8.866386336384190159e+00,-1.720593155077803083e+00,-6.988416884684156116e+00
5.140487932690601669e-02,9.489248958376853338e+00,-8.166357339389518799e+00
5.069635472864387760e-01,7.884273854396550263e+00,-4.047952876755225304e+00
2.164087346495385589e+00,-6.531798539929391190e+00,1.083196220362178508e+01
1.825895975590882347e+00,-7.437854263116097542e+00,8.975801438943465271e+00
8.950409927815790034e-01,8.672101604538804409e+00,-5.348929278595282000e+00
-1.170569721790423756e+01,-3.527468000790379143e+00,-3.895159591865722692e+00
1.600534160369446068e+00,-7.737255144729072498e+00,1.108661028831232720e+01
-2.187779296245361937e+00,7.585105113935889598e+00,-5.867011308115437807e+00
-1.840351527947888366e+00,8.211559735043767461e+00,-7.121677340580578885e+00
-1.428771171223568670e+00,7.339497954849478312e+00,-9.271616582293582098e+00
-1.796451064652357488e+00,6.981659911756971759e+00,-5.088160452995122540e+00
-1.561628123461908935e+00,7.053503883406070152e+00,-4.455718334045124962e+00
-1.049199274194385723e+01,-2.279385803168358038e+00,-4.557213101592357596e+00
1.364476748701112241e-01,8.542456980019023760e+00,-7.833311660658480946e+00
2.835095224716345008e+00,-6.251213049565132351e+00,8.388308495357989614e+00
-9.621130611670768218e+00,1.212714229917166708e+00,-6.271226455677728850e+00
-8.119630666959931631e+00,-1.835645338113026437e+00,-6.837641431327468489e+00
-8.452102926911384984e+00,-2.285502706870016887e+00,-3.413287905798947364e+00
5.067100181893804844e+00,-6.591625536992822276e+00,6.614340550593448498e+00
-3.552974285284659750e+00,7.545574447771151050e+00,-6.808269483453214477e+00
-7.992655247633412507e+00,-1.815636817894988653e+00,-5.475516063749436668e+00
3.652911107825204784e+00,-5.169082145387459803e+00,8.315418763250082890e+00
4.490590901692337766e+00,-8.098751687439371238e+00,1.038607627957482471e+01
-7.936036014661006499e-01,5.467160314601626325e+00,-6.662842082296894120e+00
-8.167090957091283077e-01,6.607034975826857170e+00,-8.499689771386153225e+00
2.655322667041187579e+00,-8.340059593278189354e+00,7.534192538998375710e+00
4.590631430275889935e-01,9.094284495777689159e+00,-5.586030943998102849e+00
-9.011998380558637223e+00,-9.358626347207359419e-01,-6.898011767218065415e+00
4.244423973267198669e+00,-6.896699339071886037e+00,7.048736987325138870e+00
-1.090617624538858799e+01,-7.983850031125945268e-01,-5.927860276127461248e+00
3.792444032428905487e-01,-9.446933847272820373e+00,1.027464827588628182e+01
2.938445562317006932e+00,-5.889416992086987435e+00,9.947377901364070851e+00
1.514073253902940230e+00,7.276128996055756915e+00,-4.112216925060908856e+00
7.116265522254225928e-01,-8.413080587796926579e+00,1.016663497814933770e+01
2.884674466514196567e-01,4.297128583458360573e+00,-5.368160638105878846e+00
1.659599246570717224e+00,-6.236431832138878306e+00,8.752604200922725397e+00
-6.131810701874675917e-01,6.869369034067817736e+00,-6.052704221900600423e+00
-8.584000647772848325e+00,-3.282993102885553238e+00,-6.007684783138209639e+00
-9.439304126496500302e+00,-2.956107073067302249e-01,-4.895843270671744740e+00
4.225221212936608239e+00,-4.996142216785051104e+00,9.977608923572226729e+00
-9.480590988260042540e-01,4.797820962439491410e+00,-7.088196663483562254e+00
-1.955567482212657193e+00,6.807293288438144074e+00,-7.597065685131985546e+00
2.995571076989984149e+00,-6.862169837257109606e+00,1.017716121670052942e+01
-1.264048603999868092e+01,-1.689992776503166372e+00,-3.612861388621174896e+00
2.080390117234466985e+00,-9.675377012990088232e+00,1.002665991108414900e+01
-2.062995210593761009e+00,5.236751629462371938e+00,-7.406063191090711761e+00
-9.333397071002991652e+00,-4.403881726575516353e+00,-6.543364916274970966e+00
-7.209227298281422947e+00,-3.110107136512481496e+00,-6.369623354619575295e+00
2.403961612713938045e+00,-7.578894993434628802e+00,8.438128400271473595e+00
1.281686931683986508e+00,-7.349673718654114118e+00,1.047265013343952411e+01
1.680206300731494462e+00,6.829989585304650390e+00,-5.177932388182437506e+00
-1.204952852322246137e+00,9.005117270552151609e+00,-1.762457341091824059e+00
4.917674824420776858e+00,-7.608329701679171109e+00,1.067429207847992423e+01
4.113948284471724559e-02,9.010326738540138436e+00,-6.229609334309046176e+00
-2.303839670143768004e+00,7.453872004265599926e+00,-4.501199144691578446e+00
5.253460127773957211e+00,-6.839413964767786069e+00,7.883040319526937623e+00
4.512762981653078320e+00,-7.749824648348096368e+00,8.232823767115679203e+00
4.359642888181035403e+00,-8.034372460877225564e+00,1.057858923406085161e+01
1.313663457674419721e+00,6.700321480631524551e+00,-7.043237553171859844e+00
-2.031856536379677003e+00,8.522857976174677219e+00,-9.175705386720943935e+00
-2.493958814303331994e-02,8.515540681395453504e+00,-7.763480618784921461e+00
-7.558262819948897260e+00,-3.886446592381208376e+00,-5.021264468965012107e+00
-6.548825766701217077e+00,-1.536915636587481426e+00,-7.689278412548294028e+00
-3.331146411112342776e+00,1.058868855040359236e+01,-5.694084692975431850e+00
-8.748981337407089498e+00,-2.057223469413547612e+00,-5.349310648726592454e+00
2.282439811977575950e+00,6.863794717918359822e+00,-5.003800558304314805e+00
2.237264943024530606e-01,9.050842107069041020e+00,-6.660008565211534837e+00
-9.221988319338541018e+00,-4.834843795931796251e+00,-6.958870987765354954e+00
-7.778536004107017732e+00,-1.891099188664340458e+00,-4.860460309327002015e+00
-1.020163244429543070e+01,2.491519255893535068e-01,-7.892353692384742381e+00
4.561234869231469702e+00,-7.490665229130128111e+00,8.870833560332849643e+00
1.375094256248909907e-01,-6.698022441326806131e+00,8.445206149782960026e+00
-8.928884623946620636e+00,-2.390756382343185216e+00,-7.887247006382954950e+00
-5.962105465014237993e+00,-4.154984878555577410e+00,-4.851538024965333484e+00
1.275882224473855242e+00,1.015603763969387785e+01,-1.785797133749777554e+00
1.163843561168307339e+00,5.702640798581338544e+00,-3.221820518982884352e+00
1.715161064873759189e+00,-7.014574876484288346e+00,9.833104365216353671e+00
3.113334792793721828e+00,-7.897937960496701493e+00,1.022910870599064914e+01
-7.529789897558157641e+00,-6.194329722177416286e-01,-3.542156424008247484e+00
-7.254300818160202446e+00,-1.693305504990156862e-01,-7.019502112350245682e+00
-2.075140754134005228e+00,5.586498015385697791e+00,-3.844485979648636587e+00
-8.853787948238807104e+00,-1.700989193317065329e+00,-6.115187856511912656e+00
-9.167304898780763267e+00,-1.321335747250973025e+00,-5.031895735284338755e+00
3.107521889524548442e+00,-6.722636965599519066e+00,9.451790049563998153e+00
-1.761882460116553695e+00,8.552112486597307495e+00,-6.639432733424854405e+00
-6.367178394395203167e-01,4.216183381141743070e+00,-5.037284670812059773e+00
-8.507023170426272429e+00,-1.157456580969355997e-01,-4.309954565873999499e+00
-6.787487976634666964e+00,-9.794437672525946326e-01,-5.827818549867608944e+00
4.582178102517918461e+00,-1.100197157113695212e+01,9.119019787260199905e+00
3.182534895193755542e+00,-9.444104229886161050e+00,1.096653662660136064e+01
2.193983670207920955e+00,7.092536694934109320e+00,-5.395614992355691086e+00
-1.101693885063060740e+01,-3.404045409259111032e+00,-2.875407297924071681e+00
1.934669670970594169e+00,-7.135875243908895271e+00,9.543971493626983715e+00
2.847177742062587669e+00,-7.091560440086849049e+00,7.878660385806988131e+00
-1.226927737619075698e+00,7.264851700317347394e+00,-2.721258210475885342e+00
1.966205546651003111e-01,-6.273752906013061903e+00,1.038467411294390530e+01
-4.338864908854122571e-01,6.697097893822135717e+00,-6.050960572511995927e+00
4.321889763469413115e-01,9.460939559736308624e+00,-8.618186907387304529e+00
-1.080837996000131263e+01,-3.220783293345574450e+00,-6.139718396767212205e+00
-1.069455785920916924e+01,-3.546867046774145660e+00,-5.490035005546735292e+00
-1.454090688130671083e+01,-6.144090245763620395e+00,-4.186298076470760243e+00
-1.165212613104030126e+00,-6.509520132577668150e+00,8.821005481108342039e+00
1.094019582457217865e+00,-7.172652578534025380e+00,9.260477481214374862e+00
-1.005016801433227247e+00,8.457438322669185382e+00,-6.424697910515434707e+00
1.979945295742284950e+00,-7.692760826058690604e+00,6.099636064413703096e+00
-1.931860937389154431e+00,8.734405420700390721e+00,-7.147396207938431445e+00
2.601513049550697509e+00,-6.823231634267033385e+00,8.844991002336607622e+00
3.857733434414734042e+00,-8.064955681266313903e+00,1.135084901547176806e+01
-1.019239085586985283e+01,-4.201711356843027545e-01,-4.026813378285027056e+00
-1.008012739491821819e+01,-2.764983191861569711e+00,-7.179448375465842247e+00
3.865742291140596532e+00,-6.953751111438130295e+00,8.937135171184662497e+00
-7.543639812679728607e+00,-1.449912427953372607e+00,-5.842203459853613445e+00
1.771084157515973256e+00,-8.451962837669984907e+00,6.504614269588561370e+00
-4.837439609002938123e-01,7.511131157995343699e+00,-5.284850966842495446e+00
-1.115204573039456548e+01,-3.818160826826451082e+00,-6.219420643279094385e+00
1.596394260321143399e-01,-6.928344468867500439e+00,1.138447012072217213e+01
-1.352366378664505486e+00,8.088960830641198640e+00,-2.406903867562619759e+00
3.019560958551386065e+00,-9.801062771787906414e+00,1.139670400979344578e+01
3.335316965970656078e+00,-7.580350655210970956e+00,1.043356361513758479e+01
5.753289324812513428e+00,-7.425699919524667791e+00,9.589546227496944297e+00
2.135608337127817613e+00,-8.324097261572118711e+00,8.601243297425479994e+00
3.666408112769794947e+00,-9.901818271662722992e+00,6.073652201967787434e+00
1.505688707869171639e+00,-7.488343821868547856e+00,7.768570396802488176e+00
-9.699543211004796106e+00,-5.359725846139528294e+00,-4.833113613633442718e+00
4.309324116557172957e+00,-8.280566037761211362e+00,8.440238034297900427e+00
5.553389407568250391e+00,-7.653955374903162578e+00,7.971783154557010143e+00
1.607122043532650757e+00,6.639436888858732289e+00,-5.424270692546496520e+00
-1.057271936015601277e+01,-5.031420611298997869e+00,-3.582763444209543291e+00
-1.209406060193146004e+01,-1.947255370905914162e+00,-8.809769791795261540e+00
-1.248436929209939317e+00,7.096220641552916319e+00,-5.338130251203130783e+00
4.473353970843847449e-01,6.522838096337665981e+00,-6.596578449838545133e+00
2.330006223223918038e+00,5.573652649031741291e+00,-4.384977165177270209e+00
3.278799141746428170e+00,5.743605969277773227e+00,-2.702468558819318467e+00
-1.805246539522970872e+00,1.128645190087745576e+01,-5.700591668857460270e+00
-8.746385905921478354e+00,-1.951352102055427640e+00,-5.546881628280463161e+00
6.248991599566189326e-01,8.593844327523868287e+00,-3.335911041113963194e+00
-1.037926161069469089e+01,-2.580761549098610885e+00,-5.085493144520452979e+00
-3.345217002780690230e+00,7.738509363055213086e+00,-2.898075978075596915e+00
2.710944853932428789e+00,-7.781508136217467175e+00,7.067707142305642343e+00
1.288851716667866132e+00,6.332740007402149374e+00,-6.034550286810572928e+00
-9.072507912607527203e+00,-1.413036315983143165e+00,-1.067870767035403290e+00
-1.008682900314841824e+01,-3.604808188738616526e+00,-5.604576647149797530e+00
-3.556398169450403768e-01,8.014445950836213584e+00,-6.657434925319742014e+00
1.806912099019891915e+00,-7.199566492262310824e+00,8.607229674214076809e+00
8.592062407901657206e-01,7.657443443082077472e+00,-6.762476334352501617e+00
-8.410823518720443204e+00,-3.181277391929604459e+00,-6.239945483392222769e+00
2.623062061149332713e+00,-6.987975279933797523e+00,7.710318344280700842e+00
2.771219613876612975e+00,-8.075094250045889765e+00,1.118213391966910031e+01
-8.871001737003174625e+00,-2.416564751821704160e+00,-8.098059209238755329e+00
2.450244499917281438e+00,5.918756358162154285e+00,-3.948397059877670312e+00
4.365363658871621588e+00,-8.933701786232223441e+00,8.733877129653949467e+00
-7.233842161535871895e+00,-2.005154714161952789e+00,-5.408209981352408491e+00
3.010874083061765738e+00,-9.057624560197417907e+00,7.426186562712191019e+00
-2.577838966628405171e+00,6.826654567182422362e+00,-6.773798494955704186e+00
-8.609129500869649121e+00,-5.345304868469869852e+00,-6.403133375681912653e+00
-1.013538190337465217e+01,-3.113861508437946402e+00,-7.400185516511566419e+00
-1.032934379242846212e+01,-1.731631190199099279e+00,-6.366311184114438859e+00
-2.944153732594810613e+00,8.697680163181111368e+00,-8.091746661489926495e+00
1.185268732645119893e+00,-9.807807279077072948e+00,8.658511021514046391e+00
2.696202078767462318e+00,-1.002240348860599184e+01,8.217357844079796081e+00
2.432110408370858234e+00,-7.220757123306954739e+00,1.161167631812777046e+01
2.561812828074737425e+00,-6.049464388451292862e+00,7.809853323370663070e+00
5.186098528451118739e+00,-7.334965820272067560e+00,9.760275996365253448e+00
4.325066205388452545e-01,9.722188564370815911e+00,-6.296203049544835118e+00
-1.064504154445940109e+01,-2.367807429834945410e+00,-6.068859234697447924e+00
-8.757718249809784972e-01,8.712398506554364985e+00,-5.946222490997919330e+00
2.177171279892626821e-01,8.464618512563481190e+00,-5.704852231082264247e+00
-1.020715633060177829e+01,-2.911871770058720443e+00,-7.608627182940516320e+00
9.207492542603379349e-01,6.773326585294008773e+00,-5.769222021090090635e+00
3.802274933119472511e+00,-8.409032645348560209e+00,1.000472377529846568e+01
4.617333329370488570e+00,-7.234649742929531335e+00,8.485778776284302438e+00
2.035257053438113140e+00,6.444464336493890499e+00,-4.845981998204358376e+00
5.180356225363134115e+00,-6.925310630802291811e+00,1.175020749640451001e+01
-1.073979946397274077e+01,-2.216454763416605189e+00,-4.435282055114658561e+00
-2.378361607480949935e-01,-7.434523848077927433e+00,9.530691800244138534e+00
-9.569983845692233260e+00,3.601808329494247118e-01,-6.628394175738682392e+00
-1.018896485631540827e+01,-1.628982340488448699e+00,-5.690483121780371967e+00
-9.623149823488619248e+00,-6.435182718220089360e-01,-4.072628171075140635e+00
-1.067310119654934830e+00,7.891441632025450126e+00,-3.944569187559017198e+00
3.026297268284839692e+00,-8.215253617838156330e+00,1.080015191334684488e+01
4.578197781619500972e+00,-5.353462561805672593e+00,8.779017588227283397e+00
-8.131131165230224056e+00,-2.432794427291405270e+00,-4.724974259646404384e+00
-6.478294182589825478e-01,7.284560663943547176e+00,-5.002178062738163788e+00
4.635826355819073541e+00,-8.723596929532762445e+00,9.206533166645508359e+00
-1.099341730645503290e+01,-4.438786519083247839e+00,-6.095890543876927303e+00
-1.067313801112796412e+01,-2.571614559364278740e+00,-9.138425225197604362e+00
-8.439810430345074721e+00,6.435760056736850032e-01,-7.347042881193505792e+00
-2.147601718355955036e+00,5.363755541107543934e+00,-4.584363422892188566e+00
6.150181693689416917e+00,-9.558835320155150583e+00,1.067021840346187034e+01
-5.464889182538449575e+00,7.912531840519136495e+00,-2.439462506241677708e+00
-2.491458852992161632e-01,5.036960230622437251e+00,-6.128853379013879277e+00
8.197682762171285553e-01,-6.441023445437129347e+00,8.821846817618656189e+00
9.502894143325755216e-01,8.675086302534111837e+00,-5.448035293585027361e+00
-1.231911330958917361e+00,6.519511489701224960e+00,-4.561536864454968310e+00
-1.647975980750966851e+00,7.607089429080065912e+00,-6.066257794826147354e+00
-1.085146588631976883e+01,-1.396373893800284760e+00,-3.640811898057876306e+00
-1.078653976853636820e+01,-3.348188199597808445e+00,-5.347352107175943559e+00
3.364776760034242642e-01,-6.061044622627311362e+00,1.002054804231195995e+01
-1.093300202060077275e+01,-2.226489058294526924e+00,-4.141505457869280704e+00
-1.091620828878355809e+01,-2.730664402381665745e+00,-4.833688959625349391e+00
-1.513269570317413049e+00,6.820126880315728002e+00,-7.431338145966026154e+00
-9.545023379334191205e+00,-3.133183481039612417e+00,-6.829568178327773964e+00
5.305095783833086109e+00,-5.196561943021818841e+00,9.436179338141833739e+00
2.639349204069037391e+00,-7.946520270517061668e+00,8.026821090833930583e+00
-8.845074377466280779e+00,-2.633127330505447894e+00,-5.781740263766009136e+00
2.382299072135867668e+00,7.951891232562874556e+00,-4.871447997396953333e+00
-9.272304851336443221e+00,-3.123117954017256004e+00,-4.901841447655738371e+00
-9.856146367395863805e+00,-7.752247271165373377e-01,-3.409437357241786870e+00
2.878134772077586501e+00,-9.577042413399860621e+00,6.695729221302043399e+00
2.800363311007608935e+00,-9.289360081543094338e+00,8.796238751666839661e+00
-1.018919144254373066e+01,-2.800781590599390469e-01,-7.023974371025060393e+00
-1.042006195860448869e+01,-2.958728530571648641e+00,-6.051959150865708459e+00
1.943613708724464484e+00,-6.007286660653309518e+00,8.074243901290316217e+00
-6.311863179591655992e+00,-3.256552080955299466e+00,-5.904610478807493124e+00
3.267182927908965695e+00,-7.748550238316427752e+00,7.974830913869393356e+00
1.801956960585610057e-01,5.013149684470194600e+00,-6.634912003714198647e+00
2.062723491165868062e+00,-7.011068829563999572e+00,7.481977889592544173e+00
-1.828651003061942504e+00,8.504771738459718122e+00,-5.032558170458692359e+00
1.303380351193524245e+00,8.171148588144276914e+00,-4.225794300929311298e+00
-1.017396354187377305e+01,-9.383117379209371389e-01,-5.788073112304483736e+00
1.184150019836490486e+00,6.911129828845203882e+00,-5.714088018066657781e+00
-8.433572285601483642e+00,-6.190090045389665896e+00,-7.764655800191897939e+00
2.360438649316978665e+00,-7.833713860128029616e+00,9.671008845444799107e+00
4.950920573556594206e-01,-7.704587193038642035e+00,8.366341262638565368e+00
-6.722090095116920239e+00,-3.015784320767485482e+00,-5.629558076418158308e+00
5.220669514254701937e+00,-9.987943092032885772e+00,1.016353756518769913e+01
7.328218403180368767e-01,-1.029081454392639650e+01,9.383158576520953531e+00
3.536082991242392115e+00,-5.674134417289138810e+00,9.679482487857937301e+00
2.115401290941660850e+00,-9.130347959263882984e+00,1.126470525587697935e+01
1.586481079029462560e-01,6.756514800454705316e+00,-5.788348594712540596e+00
2.407026047071794128e+00,-7.618084523575759270e+00,9.781032396474927282e+00
2.177967011544244436e+00,-7.770136501099187853e+00,9.716535513361515441e+00
-1.033151242895226751e+01,1.936721657104456540e-02,-5.365219701847087741e+00
-7.288644095375238940e+00,1.919370673030103447e+00,-3.647941888021603685e+00
2.879303152353007267e+00,-6.721404365865298658e+00,8.240131014700290635e+00
2.372242773134142446e+00,-8.334644515726870040e+00,1.118095124609146040e+01
-9.215355787473482607e+00,-1.693940154518871033e+00,-3.201060333442765860e+00
1.032511133207716147e+00,8.888656334043400165e+00,-3.832474767829120221e+00
-7.470932610470284452e+00,5.961213037027786044e-01,-4.597888710160664694e+00
1.745854191929750998e-01,7.823926303691196793e+00,-4.811795117459919169e+00
4.232581939291621964e+00,-1.000719610124794912e+01,1.002573380467254793e+01
-1.705804783426443594e+00,9.931920122724168465e+00,-6.570941385403995305e+00
-2.347045298214253783e+00,8.411164370460475936e+00,-4.772143070926619046e+00
1.873522930603504166e+00,-9.193439782450763431e+00,1.064581867096499579e+01
5.221162091254273108e+00,-5.359907909058888364e+00,9.138172725874239788e+00
2.941093192047086191e+00,-6.506841698784473493e+00,9.618813271254213149e+00
-3.724079910467359422e+00,7.628898252600255780e+00,-5.486038545403850719e+00
4.081511020024189307e+00,-8.593727549637497631e+00,9.214456919056310369e+00
1.555657748656856132e+00,-6.975858290572391596e+00,1.065953995223371820e+01
-1.058118217503863079e+01,-3.504585343377445206e+00,-7.933463297397277181e+00
-1.947179766337146178e+00,7.007171139154589667e+00,-6.547392073223360143e+00
1.797225920584419656e+00,-9.102748339348037732e+00,9.291381670737637322e+00
-5.532731348905881585e-01,7.764450831378435502e+00,-8.690237654268967660e+00
3.736893725492187457e+00,-7.299570436503283410e+00,8.631171491526126616e+00
-7.409635605489267363e+00,-4.734283138466332197e+00,-4.057861238959385553e+00
-7.358813689094649835e-01,4.232030952772023014e+00,-7.553721910165815956e+00
1.928478063947261401e+00,-7.136577968598196264e+00,8.770454771767496993e+00
-9.200491071417742361e+00,-1.030030151971360608e+00,-8.541349594273935253e+00
2.497778536570318231e+00,7.421280083407988393e+00,-5.970190123287028250e+00
-7.369937104039517628e+00,-3.061280672307976847e+00,-8.072997284263237816e+00
-8.825522323921511259e+00,-2.902272967215970834e+00,-6.089294323390094910e+00
2.901147190363253969e+00,-8.584230001318827519e+00,7.595947922966698407e+00
-4.187258606804704630e-01,7.568666127836035429e+00,-7.357459522730929180e+00
-1.246210282195013264e+01,-2.076871527065941692e+00,-6.602405067954126849e+00
-5.749258247836997349e+00,-5.135526706305781452e+00,-6.212793924445505489e+00
1.249048782734182517e+00,-6.036685386846686541e+00,6.932528297640640602e+00
-8.058932257529445309e+00,-1.210313918575223191e+00,-6.518497391046016887e+00
1.679348965406123106e+00,1.053742268714574415e+01,-4.928163260825356495e+00
-2.517619942302016245e+00,7.733003855882969013e+00,-7.658980372744803589e+00
-7.447600471632118690e-01,7.165869594987025692e+00,-3.845581097697290396e+00
-1.106863898449778105e+01,-5.404316550152353571e+00,-7.457362627935309796e+00
3.106037204901463067e+00,-7.256701534324524694e+00,1.067901681021717053e+01
-9.788566096997161736e+00,2.233420996652597523e-01,-5.912039225495161254e+00
-1.161942148045324696e+00,6.421143579531181977e+00,-6.300726768889384211e+00
-1.038051663108779010e+01,-8.072036560799062954e-01,-5.477319875783336123e+00
-9.332892726976442788e+00,-1.237497966117095505e+00,-4.134298437264016357e+00
1.744239620622725084e-01,6.274449897318649327e+00,-3.984734121485566494e+00
-6.366997144632032812e-01,7.706817054094516450e+00,-3.258892926470447815e+00
-3.184743999990697350e-01,7.756579158367497229e+00,-9.243698351745230468e+00
2.719038987909467853e-01,9.382995600343088327e+00,-5.464330028200995670e+00
9.890753878225448936e-01,7.830374240874201419e+00,-4.929397390304112392e+00
-1.263535467679780311e+00,6.778282006203577126e+00,-7.867787994561757259e+00
-7.752848487211123185e+00,-2.919144905831639214e+00,-6.654921530161734822e+00
1.945387610326463346e+00,8.094903249831633119e+00,-2.755465691333298217e+00
6.019201616426728130e-01,8.181902335213505850e+00,-3.762747733937144901e+00
-3.951634072567687284e+00,8.137755663473921430e+00,-6.618719294633567785e+00
4.379620822249794543e+00,-4.836308448291948281e+00,8.093519047035325542e+00
-6.772114615991862152e+00,-4.073740873556570552e-01,-4.013331753572144223e+00
3.097300380615318538e+00,-1.013418365662844423e+01,9.060730769228745984e+00
-1.531703262312269054e+00,6.675055393898134071e+00,-4.778755488484207170e+00
-8.628061442563675243e+00,-3.340800545633943130e+00,-5.983184820080380106e+00
7.565085529383157592e-01,6.644453560391339053e+00,-6.537564890371966975e+00
-1.066172877463600521e+01,-1.519370082714091463e+00,-7.089267438912330022e+00
2.545692581942718746e+00,-7.107741326752560873e+00,8.992398275368982397e+00
-8.309715805338779404e+00,-1.368293209701011870e+00,-4.546506077176239558e+00
-5.911226255229361515e-01,7.274794483298697934e+00,-7.986999190990824005e+00
-4.590012293914328412e-01,3.562245165538193259e+00,-4.226258015310714100e+00
-1.009336170033437163e+01,-1.938451878698211228e+00,-3.481808866447774431e+00
4.629019659041388124e+00,-6.642707805862418269e+00,6.374679388169811389e+00
-1.055106896366912128e+00,7.988792144433841003e+00,-6.855488921941345737e+00
3.432758092769933711e+00,-5.075988211723894139e+00,1.229972506619589367e+01
-9.924961466117620645e+00,-2.902086230639443265e+00,-6.289519262042575498e+00
4.441449156997062664e-01,8.660037145835016048e+00,-3.647564298046790388e+00
-1.010874791531608174e+01,-2.901084243401352403e+00,-6.481286271754410855e+00
